{
    "loss": 8.494017601013184,
    "accuracy": 0.4313725531101227
}